mc_trial,method,variant,precision,recall,f1,accuracy,tp,tn,fp,fn
1,depth.FM,raw,0.20348837209302326,0.7777777777777778,0.3225806451612903,0.51,35,118,137,10
1,depth.mode,raw,0.9782608695652174,1.0,0.989010989010989,0.9966666666666667,45,254,1,0
1,depth.RT,raw,0.7407407407407407,0.8888888888888888,0.808080808080808,0.9366666666666666,40,241,14,5
1,depth.RP,raw,0.43243243243243246,0.7111111111111111,0.5378151260504201,0.8166666666666667,32,213,42,13
1,depth.RPD,raw,0.9565217391304348,0.9777777777777777,0.967032967032967,0.99,44,253,2,1
1,WICMAD,raw,0.0,0.0,0.0,0.85,0,255,0,45
1,WICMAD,deriv,0.0,0.0,0.0,0.85,0,255,0,45
2,depth.FM,raw,0.20394736842105263,0.6888888888888889,0.3147208121827411,0.55,31,134,121,14
2,depth.mode,raw,0.9574468085106383,1.0,0.9782608695652174,0.9933333333333333,45,253,2,0
2,depth.RT,raw,0.7068965517241379,0.9111111111111111,0.7961165048543689,0.93,41,238,17,4
2,depth.RP,raw,0.3584905660377358,0.8444444444444444,0.5033112582781456,0.75,38,187,68,7
2,depth.RPD,raw,0.8823529411764706,1.0,0.9375,0.98,45,249,6,0
2,WICMAD,raw,1.0,1.0,1.0,1.0,45,255,0,0
2,WICMAD,deriv,0.0,0.0,0.0,0.85,0,255,0,45
3,depth.FM,raw,0.1949685534591195,0.6888888888888889,0.303921568627451,0.5266666666666666,31,127,128,14
3,depth.mode,raw,1.0,1.0,1.0,1.0,45,255,0,0
3,depth.RT,raw,0.9090909090909091,0.8888888888888888,0.8988764044943819,0.97,40,251,4,5
3,depth.RP,raw,0.45348837209302323,0.8666666666666667,0.5954198473282443,0.8233333333333334,39,208,47,6
3,depth.RPD,raw,0.9302325581395349,0.8888888888888888,0.9090909090909092,0.9733333333333334,40,252,3,5
3,WICMAD,raw,1.0,1.0,1.0,1.0,45,255,0,0
3,WICMAD,deriv,1.0,1.0,1.0,1.0,45,255,0,0
4,depth.FM,raw,0.2336448598130841,0.5555555555555556,0.3289473684210526,0.66,25,173,82,20
4,depth.mode,raw,1.0,1.0,1.0,1.0,45,255,0,0
4,depth.RT,raw,0.8235294117647058,0.9333333333333333,0.8749999999999999,0.96,42,246,9,3
4,depth.RP,raw,0.4186046511627907,0.8,0.549618320610687,0.8033333333333333,36,205,50,9
4,depth.RPD,raw,0.9574468085106383,1.0,0.9782608695652174,0.9933333333333333,45,253,2,0
4,WICMAD,raw,0.5421686746987951,1.0,0.7031249999999999,0.8733333333333333,45,217,38,0
4,WICMAD,deriv,0.0,0.0,0.0,0.85,0,255,0,45
5,depth.FM,raw,0.22580645161290322,0.7777777777777778,0.35000000000000003,0.5666666666666667,35,135,120,10
5,depth.mode,raw,1.0,1.0,1.0,1.0,45,255,0,0
5,depth.RT,raw,0.8125,0.8666666666666667,0.8387096774193549,0.95,39,246,9,6
5,depth.RP,raw,0.4805194805194805,0.8222222222222222,0.6065573770491802,0.84,37,215,40,8
5,depth.RPD,raw,0.9148936170212766,0.9555555555555556,0.9347826086956522,0.98,43,251,4,2
5,WICMAD,raw,1.0,1.0,1.0,1.0,45,255,0,0
5,WICMAD,deriv,0.0,0.0,0.0,0.85,0,255,0,45
6,depth.FM,raw,0.1784037558685446,0.8444444444444444,0.2945736434108527,0.3933333333333333,38,80,175,7
6,depth.mode,raw,0.9574468085106383,1.0,0.9782608695652174,0.9933333333333333,45,253,2,0
6,depth.RT,raw,0.7377049180327869,1.0,0.8490566037735848,0.9466666666666667,45,239,16,0
6,depth.RP,raw,0.4909090909090909,0.6,0.54,0.8466666666666667,27,227,28,18
6,depth.RPD,raw,0.8431372549019608,0.9555555555555556,0.8958333333333333,0.9666666666666667,43,247,8,2
6,WICMAD,raw,1.0,0.06666666666666667,0.125,0.86,3,255,0,42
6,WICMAD,deriv,1.0,0.044444444444444446,0.0851063829787234,0.8566666666666667,2,255,0,43
7,depth.FM,raw,0.23703703703703705,0.7111111111111111,0.35555555555555557,0.6133333333333333,32,152,103,13
7,depth.mode,raw,0.9782608695652174,1.0,0.989010989010989,0.9966666666666667,45,254,1,0
7,depth.RT,raw,0.76,0.8444444444444444,0.8,0.9366666666666666,38,243,12,7
7,depth.RP,raw,0.5918367346938775,0.6444444444444445,0.6170212765957447,0.88,29,235,20,16
7,depth.RPD,raw,1.0,0.9555555555555556,0.9772727272727273,0.9933333333333333,43,255,0,2
7,WICMAD,raw,1.0,0.08888888888888889,0.163265306122449,0.8633333333333333,4,255,0,41
7,WICMAD,deriv,0.9782608695652174,1.0,0.989010989010989,0.9966666666666667,45,254,1,0
8,depth.FM,raw,0.203125,0.8666666666666667,0.32911392405063294,0.47,39,102,153,6
8,depth.mode,raw,1.0,1.0,1.0,1.0,45,255,0,0
8,depth.RT,raw,0.7777777777777778,0.9333333333333333,0.8484848484848485,0.95,42,243,12,3
8,depth.RP,raw,0.4857142857142857,0.7555555555555555,0.5913043478260869,0.8433333333333334,34,219,36,11
8,depth.RPD,raw,0.9318181818181818,0.9111111111111111,0.9213483146067416,0.9766666666666667,41,252,3,4
8,WICMAD,raw,1.0,1.0,1.0,1.0,45,255,0,0
8,WICMAD,deriv,1.0,0.022222222222222223,0.04347826086956522,0.8533333333333334,1,255,0,44
9,depth.FM,raw,0.18681318681318682,0.7555555555555555,0.29955947136563876,0.47,34,107,148,11
9,depth.mode,raw,1.0,1.0,1.0,1.0,45,255,0,0
9,depth.RT,raw,0.78,0.8666666666666667,0.8210526315789474,0.9433333333333334,39,244,11,6
9,depth.RP,raw,0.4148936170212766,0.8666666666666667,0.5611510791366907,0.7966666666666666,39,200,55,6
9,depth.RPD,raw,0.9565217391304348,0.9777777777777777,0.967032967032967,0.99,44,253,2,1
9,WICMAD,raw,1.0,1.0,1.0,1.0,45,255,0,0
9,WICMAD,deriv,1.0,0.022222222222222223,0.04347826086956522,0.8533333333333334,1,255,0,44
10,depth.FM,raw,0.17916666666666667,0.9555555555555556,0.30175438596491233,0.33666666666666667,43,58,197,2
10,depth.mode,raw,0.9375,1.0,0.967741935483871,0.99,45,252,3,0
10,depth.RT,raw,0.8888888888888888,0.8888888888888888,0.8888888888888888,0.9666666666666667,40,250,5,5
10,depth.RP,raw,0.5409836065573771,0.7333333333333333,0.6226415094339622,0.8666666666666667,33,227,28,12
10,depth.RPD,raw,0.9302325581395349,0.8888888888888888,0.9090909090909092,0.9733333333333334,40,252,3,5
10,WICMAD,raw,1.0,1.0,1.0,1.0,45,255,0,0
10,WICMAD,deriv,0.9782608695652174,1.0,0.989010989010989,0.9966666666666667,45,254,1,0
11,depth.FM,raw,0.19658119658119658,0.5111111111111111,0.2839506172839506,0.6133333333333333,23,161,94,22
11,depth.mode,raw,1.0,1.0,1.0,1.0,45,255,0,0
11,depth.RT,raw,0.8372093023255814,0.8,0.8181818181818183,0.9466666666666667,36,248,7,9
11,depth.RP,raw,0.36538461538461536,0.8444444444444444,0.5100671140939597,0.7566666666666667,38,189,66,7
11,depth.RPD,raw,0.9148936170212766,0.9555555555555556,0.9347826086956522,0.98,43,251,4,2
11,WICMAD,raw,1.0,1.0,1.0,1.0,45,255,0,0
11,WICMAD,deriv,1.0,1.0,1.0,1.0,45,255,0,0
12,depth.FM,raw,0.19680851063829788,0.8222222222222222,0.31759656652360513,0.47,37,104,151,8
12,depth.mode,raw,1.0,0.9777777777777777,0.9887640449438202,0.9966666666666667,44,255,0,1
12,depth.RT,raw,0.8571428571428571,0.8,0.8275862068965518,0.95,36,249,6,9
12,depth.RP,raw,0.4,0.7111111111111111,0.512,0.7966666666666666,32,207,48,13
12,depth.RPD,raw,0.9574468085106383,1.0,0.9782608695652174,0.9933333333333333,45,253,2,0
12,WICMAD,raw,1.0,1.0,1.0,1.0,45,255,0,0
12,WICMAD,deriv,1.0,1.0,1.0,1.0,45,255,0,0
13,depth.FM,raw,0.25,0.6,0.35294117647058826,0.67,27,174,81,18
13,depth.mode,raw,1.0,1.0,1.0,1.0,45,255,0,0
13,depth.RT,raw,0.7647058823529411,0.8666666666666667,0.8125,0.94,39,243,12,6
13,depth.RP,raw,0.5434782608695652,0.5555555555555556,0.5494505494505495,0.8633333333333333,25,234,21,20
13,depth.RPD,raw,0.9302325581395349,0.8888888888888888,0.9090909090909092,0.9733333333333334,40,252,3,5
13,WICMAD,raw,1.0,1.0,1.0,1.0,45,255,0,0
13,WICMAD,deriv,1.0,1.0,1.0,1.0,45,255,0,0
14,depth.FM,raw,0.21138211382113822,0.5777777777777777,0.30952380952380953,0.6133333333333333,26,158,97,19
14,depth.mode,raw,1.0,1.0,1.0,1.0,45,255,0,0
14,depth.RT,raw,0.7288135593220338,0.9555555555555556,0.8269230769230769,0.94,43,239,16,2
14,depth.RP,raw,0.33613445378151263,0.8888888888888888,0.4878048780487804,0.72,40,176,79,5
14,depth.RPD,raw,0.9512195121951219,0.8666666666666667,0.9069767441860465,0.9733333333333334,39,253,2,6
14,WICMAD,raw,1.0,1.0,1.0,1.0,45,255,0,0
14,WICMAD,deriv,1.0,0.022222222222222223,0.04347826086956522,0.8533333333333334,1,255,0,44
15,depth.FM,raw,0.2215568862275449,0.8222222222222222,0.3490566037735849,0.54,37,125,130,8
15,depth.mode,raw,0.9782608695652174,1.0,0.989010989010989,0.9966666666666667,45,254,1,0
15,depth.RT,raw,0.7678571428571429,0.9555555555555556,0.8514851485148515,0.95,43,242,13,2
15,depth.RP,raw,0.5,0.6,0.5454545454545454,0.85,27,228,27,18
15,depth.RPD,raw,0.8979591836734694,0.9777777777777777,0.9361702127659575,0.98,44,250,5,1
15,WICMAD,raw,1.0,1.0,1.0,1.0,45,255,0,0
15,WICMAD,deriv,1.0,1.0,1.0,1.0,45,255,0,0
16,depth.FM,raw,0.2289156626506024,0.8444444444444444,0.3601895734597156,0.55,38,127,128,7
16,depth.mode,raw,1.0,0.9555555555555556,0.9772727272727273,0.9933333333333333,43,255,0,2
16,depth.RT,raw,0.76,0.8444444444444444,0.8,0.9366666666666666,38,243,12,7
16,depth.RP,raw,0.4647887323943662,0.7333333333333333,0.5689655172413793,0.8333333333333334,33,217,38,12
16,depth.RPD,raw,0.9555555555555556,0.9555555555555556,0.9555555555555556,0.9866666666666667,43,253,2,2
16,WICMAD,raw,1.0,1.0,1.0,1.0,45,255,0,0
16,WICMAD,deriv,0.0,0.0,0.0,0.8433333333333334,0,253,2,45
17,depth.FM,raw,0.20670391061452514,0.8222222222222222,0.33035714285714285,0.5,37,113,142,8
17,depth.mode,raw,0.9782608695652174,1.0,0.989010989010989,0.9966666666666667,45,254,1,0
17,depth.RT,raw,0.8235294117647058,0.9333333333333333,0.8749999999999999,0.96,42,246,9,3
17,depth.RP,raw,0.4431818181818182,0.8666666666666667,0.5864661654135338,0.8166666666666667,39,206,49,6
17,depth.RPD,raw,0.9574468085106383,1.0,0.9782608695652174,0.9933333333333333,45,253,2,0
17,WICMAD,raw,1.0,1.0,1.0,1.0,45,255,0,0
17,WICMAD,deriv,1.0,0.022222222222222223,0.04347826086956522,0.8533333333333334,1,255,0,44
18,depth.FM,raw,0.23008849557522124,0.5777777777777777,0.3291139240506329,0.6466666666666666,26,168,87,19
18,depth.mode,raw,1.0,1.0,1.0,1.0,45,255,0,0
18,depth.RT,raw,0.7450980392156863,0.8444444444444444,0.7916666666666666,0.9333333333333333,38,242,13,7
18,depth.RP,raw,0.4823529411764706,0.9111111111111111,0.6307692307692309,0.84,41,211,44,4
18,depth.RPD,raw,0.8541666666666666,0.9111111111111111,0.8817204301075269,0.9633333333333334,41,248,7,4
18,WICMAD,raw,1.0,1.0,1.0,1.0,45,255,0,0
18,WICMAD,deriv,0.0,0.0,0.0,0.85,0,255,0,45
19,depth.FM,raw,0.26744186046511625,0.5111111111111111,0.35114503816793885,0.7166666666666667,23,192,63,22
19,depth.mode,raw,1.0,1.0,1.0,1.0,45,255,0,0
19,depth.RT,raw,0.8604651162790697,0.8222222222222222,0.8409090909090908,0.9533333333333334,37,249,6,8
19,depth.RP,raw,0.4794520547945205,0.7777777777777778,0.5932203389830508,0.84,35,217,38,10
19,depth.RPD,raw,0.9285714285714286,0.8666666666666667,0.896551724137931,0.97,39,252,3,6
19,WICMAD,raw,0.0,0.0,0.0,0.85,0,255,0,45
19,WICMAD,deriv,0.0,0.0,0.0,0.85,0,255,0,45
20,depth.FM,raw,0.28,0.4666666666666667,0.35000000000000003,0.74,21,201,54,24
20,depth.mode,raw,0.9782608695652174,1.0,0.989010989010989,0.9966666666666667,45,254,1,0
20,depth.RT,raw,0.7288135593220338,0.9555555555555556,0.8269230769230769,0.94,43,239,16,2
20,depth.RP,raw,0.4675324675324675,0.8,0.5901639344262295,0.8333333333333334,36,214,41,9
20,depth.RPD,raw,0.9767441860465116,0.9333333333333333,0.9545454545454545,0.9866666666666667,42,254,1,3
20,WICMAD,raw,0.0,0.0,0.0,0.85,0,255,0,45
20,WICMAD,deriv,1.0,1.0,1.0,1.0,45,255,0,0
21,depth.FM,raw,0.2087912087912088,0.8444444444444444,0.33480176211453744,0.49666666666666665,38,111,144,7
21,depth.mode,raw,0.9782608695652174,1.0,0.989010989010989,0.9966666666666667,45,254,1,0
21,depth.RT,raw,0.676923076923077,0.9777777777777777,0.8000000000000002,0.9266666666666666,44,234,21,1
21,depth.RP,raw,0.41935483870967744,0.8666666666666667,0.5652173913043478,0.8,39,201,54,6
21,depth.RPD,raw,0.8823529411764706,1.0,0.9375,0.98,45,249,6,0
21,WICMAD,raw,1.0,1.0,1.0,1.0,45,255,0,0
21,WICMAD,deriv,0.9782608695652174,1.0,0.989010989010989,0.9966666666666667,45,254,1,0
22,depth.FM,raw,0.17012448132780084,0.9111111111111111,0.2867132867132867,0.32,41,55,200,4
22,depth.mode,raw,1.0,1.0,1.0,1.0,45,255,0,0
22,depth.RT,raw,0.78,0.8666666666666667,0.8210526315789474,0.9433333333333334,39,244,11,6
22,depth.RP,raw,0.33043478260869563,0.8444444444444444,0.475,0.72,38,178,77,7
22,depth.RPD,raw,0.9333333333333333,0.9333333333333333,0.9333333333333333,0.98,42,252,3,3
22,WICMAD,raw,1.0,1.0,1.0,1.0,45,255,0,0
22,WICMAD,deriv,0.9782608695652174,1.0,0.989010989010989,0.9966666666666667,45,254,1,0
23,depth.FM,raw,0.28440366972477066,0.6888888888888889,0.40259740259740256,0.6933333333333334,31,177,78,14
23,depth.mode,raw,1.0,1.0,1.0,1.0,45,255,0,0
23,depth.RT,raw,0.8837209302325582,0.8444444444444444,0.8636363636363636,0.96,38,250,5,7
23,depth.RP,raw,0.47761194029850745,0.7111111111111111,0.5714285714285714,0.84,32,220,35,13
23,depth.RPD,raw,0.9545454545454546,0.9333333333333333,0.9438202247191012,0.9833333333333333,42,253,2,3
23,WICMAD,raw,0.5421686746987951,1.0,0.7031249999999999,0.8733333333333333,45,217,38,0
23,WICMAD,deriv,1.0,1.0,1.0,1.0,45,255,0,0
24,depth.FM,raw,0.2926829268292683,0.5333333333333333,0.37795275590551186,0.7366666666666667,24,197,58,21
24,depth.mode,raw,0.9782608695652174,1.0,0.989010989010989,0.9966666666666667,45,254,1,0
24,depth.RT,raw,0.8297872340425532,0.8666666666666667,0.8478260869565217,0.9533333333333334,39,247,8,6
24,depth.RP,raw,0.3619047619047619,0.8444444444444444,0.5066666666666667,0.7533333333333333,38,188,67,7
24,depth.RPD,raw,0.9285714285714286,0.8666666666666667,0.896551724137931,0.97,39,252,3,6
24,WICMAD,raw,1.0,0.044444444444444446,0.0851063829787234,0.8566666666666667,2,255,0,43
24,WICMAD,deriv,1.0,0.022222222222222223,0.04347826086956522,0.8533333333333334,1,255,0,44
25,depth.FM,raw,0.23157894736842105,0.4888888888888889,0.3142857142857143,0.68,22,182,73,23
25,depth.mode,raw,0.9565217391304348,0.9777777777777777,0.967032967032967,0.99,44,253,2,1
25,depth.RT,raw,0.8292682926829268,0.7555555555555555,0.7906976744186047,0.94,34,248,7,11
25,depth.RP,raw,0.35135135135135137,0.8666666666666667,0.5000000000000001,0.74,39,183,72,6
25,depth.RPD,raw,0.9285714285714286,0.8666666666666667,0.896551724137931,0.97,39,252,3,6
25,WICMAD,raw,1.0,0.044444444444444446,0.0851063829787234,0.8566666666666667,2,255,0,43
25,WICMAD,deriv,1.0,0.022222222222222223,0.04347826086956522,0.8533333333333334,1,255,0,44
26,depth.FM,raw,0.18032786885245902,0.9777777777777777,0.3044982698961938,0.33,44,55,200,1
26,depth.mode,raw,1.0,1.0,1.0,1.0,45,255,0,0
26,depth.RT,raw,0.7551020408163265,0.8222222222222222,0.7872340425531914,0.9333333333333333,37,243,12,8
26,depth.RP,raw,0.2932330827067669,0.8666666666666667,0.43820224719101125,0.6666666666666666,39,161,94,6
26,depth.RPD,raw,0.8461538461538461,0.9777777777777777,0.9072164948453608,0.97,44,247,8,1
26,WICMAD,raw,1.0,0.08888888888888889,0.163265306122449,0.8633333333333333,4,255,0,41
26,WICMAD,deriv,1.0,0.044444444444444446,0.0851063829787234,0.8566666666666667,2,255,0,43
27,depth.FM,raw,0.1813953488372093,0.8666666666666667,0.30000000000000004,0.3933333333333333,39,79,176,6
27,depth.mode,raw,1.0,0.9777777777777777,0.9887640449438202,0.9966666666666667,44,255,0,1
27,depth.RT,raw,0.6984126984126984,0.9777777777777777,0.8148148148148148,0.9333333333333333,44,236,19,1
27,depth.RP,raw,0.43243243243243246,0.7111111111111111,0.5378151260504201,0.8166666666666667,32,213,42,13
27,depth.RPD,raw,0.9148936170212766,0.9555555555555556,0.9347826086956522,0.98,43,251,4,2
27,WICMAD,raw,1.0,1.0,1.0,1.0,45,255,0,0
27,WICMAD,deriv,0.0,0.0,0.0,0.85,0,255,0,45
28,depth.FM,raw,0.203125,0.5777777777777777,0.3005780346820809,0.5966666666666667,26,153,102,19
28,depth.mode,raw,1.0,1.0,1.0,1.0,45,255,0,0
28,depth.RT,raw,0.8235294117647058,0.9333333333333333,0.8749999999999999,0.96,42,246,9,3
28,depth.RP,raw,0.5849056603773585,0.6888888888888889,0.6326530612244898,0.88,31,233,22,14
28,depth.RPD,raw,0.8431372549019608,0.9555555555555556,0.8958333333333333,0.9666666666666667,43,247,8,2
28,WICMAD,raw,1.0,1.0,1.0,1.0,45,255,0,0
28,WICMAD,deriv,0.5,0.022222222222222223,0.0425531914893617,0.85,1,254,1,44
29,depth.FM,raw,0.22085889570552147,0.8,0.34615384615384615,0.5466666666666666,36,128,127,9
29,depth.mode,raw,1.0,1.0,1.0,1.0,45,255,0,0
29,depth.RT,raw,0.7608695652173914,0.7777777777777778,0.7692307692307693,0.93,35,244,11,10
29,depth.RP,raw,0.5,0.7111111111111111,0.5871559633027522,0.85,32,223,32,13
29,depth.RPD,raw,0.9555555555555556,0.9555555555555556,0.9555555555555556,0.9866666666666667,43,253,2,2
29,WICMAD,raw,1.0,1.0,1.0,1.0,45,255,0,0
29,WICMAD,deriv,1.0,1.0,1.0,1.0,45,255,0,0
30,depth.FM,raw,0.18627450980392157,0.8444444444444444,0.3052208835341366,0.42333333333333334,38,89,166,7
30,depth.mode,raw,0.9782608695652174,1.0,0.989010989010989,0.9966666666666667,45,254,1,0
30,depth.RT,raw,0.875,0.7777777777777778,0.823529411764706,0.95,35,250,5,10
30,depth.RP,raw,0.4634146341463415,0.8444444444444444,0.5984251968503936,0.83,38,211,44,7
30,depth.RPD,raw,0.9361702127659575,0.9777777777777777,0.9565217391304347,0.9866666666666667,44,252,3,1
30,WICMAD,raw,1.0,1.0,1.0,1.0,45,255,0,0
30,WICMAD,deriv,1.0,1.0,1.0,1.0,45,255,0,0
31,depth.FM,raw,0.20481927710843373,0.37777777777777777,0.265625,0.6866666666666666,17,189,66,28
31,depth.mode,raw,1.0,1.0,1.0,1.0,45,255,0,0
31,depth.RT,raw,0.7333333333333333,0.9777777777777777,0.838095238095238,0.9433333333333334,44,239,16,1
31,depth.RP,raw,0.3235294117647059,0.7333333333333333,0.4489795918367347,0.73,33,186,69,12
31,depth.RPD,raw,1.0,0.9555555555555556,0.9772727272727273,0.9933333333333333,43,255,0,2
31,WICMAD,raw,1.0,1.0,1.0,1.0,45,255,0,0
31,WICMAD,deriv,1.0,0.044444444444444446,0.0851063829787234,0.8566666666666667,2,255,0,43
32,depth.FM,raw,0.1956521739130435,0.6,0.29508196721311475,0.57,27,144,111,18
32,depth.mode,raw,0.9183673469387755,1.0,0.9574468085106383,0.9866666666666667,45,251,4,0
32,depth.RT,raw,0.7659574468085106,0.8,0.7826086956521738,0.9333333333333333,36,244,11,9
32,depth.RP,raw,0.35537190082644626,0.9555555555555556,0.5180722891566265,0.7333333333333333,43,177,78,2
32,depth.RPD,raw,0.8076923076923077,0.9333333333333333,0.8659793814432989,0.9566666666666667,42,245,10,3
32,WICMAD,raw,1.0,1.0,1.0,1.0,45,255,0,0
32,WICMAD,deriv,0.0,0.0,0.0,0.85,0,255,0,45
33,depth.FM,raw,0.1746031746031746,0.9777777777777777,0.2962962962962963,0.30333333333333334,44,47,208,1
33,depth.mode,raw,1.0,1.0,1.0,1.0,45,255,0,0
33,depth.RT,raw,0.7254901960784313,0.8222222222222222,0.7708333333333334,0.9266666666666666,37,241,14,8
33,depth.RP,raw,0.40816326530612246,0.8888888888888888,0.5594405594405595,0.79,40,197,58,5
33,depth.RPD,raw,1.0,0.8888888888888888,0.9411764705882353,0.9833333333333333,40,255,0,5
33,WICMAD,raw,1.0,1.0,1.0,1.0,45,255,0,0
33,WICMAD,deriv,1.0,1.0,1.0,1.0,45,255,0,0
34,depth.FM,raw,0.24166666666666667,0.6444444444444445,0.35151515151515156,0.6433333333333333,29,164,91,16
34,depth.mode,raw,1.0,0.9777777777777777,0.9887640449438202,0.9966666666666667,44,255,0,1
34,depth.RT,raw,0.75,0.9333333333333333,0.8316831683168316,0.9433333333333334,42,241,14,3
34,depth.RP,raw,0.43661971830985913,0.6888888888888889,0.5344827586206896,0.82,31,215,40,14
34,depth.RPD,raw,0.9444444444444444,0.7555555555555555,0.8395061728395062,0.9566666666666667,34,253,2,11
34,WICMAD,raw,0.0,0.0,0.0,0.85,0,255,0,45
34,WICMAD,deriv,1.0,0.044444444444444446,0.0851063829787234,0.8566666666666667,2,255,0,43
35,depth.FM,raw,0.21195652173913043,0.8666666666666667,0.3406113537117904,0.49666666666666665,39,110,145,6
35,depth.mode,raw,1.0,0.9777777777777777,0.9887640449438202,0.9966666666666667,44,255,0,1
35,depth.RT,raw,0.6862745098039216,0.7777777777777778,0.7291666666666667,0.9133333333333333,35,239,16,10
35,depth.RP,raw,0.3247863247863248,0.8444444444444444,0.4691358024691358,0.7133333333333334,38,176,79,7
35,depth.RPD,raw,0.9111111111111111,0.9111111111111111,0.9111111111111111,0.9733333333333334,41,251,4,4
35,WICMAD,raw,1.0,1.0,1.0,1.0,45,255,0,0
35,WICMAD,deriv,0.0,0.0,0.0,0.85,0,255,0,45
36,depth.FM,raw,0.24647887323943662,0.7777777777777778,0.3743315508021391,0.61,35,148,107,10
36,depth.mode,raw,0.9782608695652174,1.0,0.989010989010989,0.9966666666666667,45,254,1,0
36,depth.RT,raw,0.7450980392156863,0.8444444444444444,0.7916666666666666,0.9333333333333333,38,242,13,7
36,depth.RP,raw,0.4909090909090909,0.6,0.54,0.8466666666666667,27,227,28,18
36,depth.RPD,raw,0.9333333333333333,0.9333333333333333,0.9333333333333333,0.98,42,252,3,3
36,WICMAD,raw,1.0,1.0,1.0,1.0,45,255,0,0
36,WICMAD,deriv,0.0,0.0,0.0,0.85,0,255,0,45
37,depth.FM,raw,0.24615384615384617,0.7111111111111111,0.36571428571428577,0.63,32,157,98,13
37,depth.mode,raw,1.0,0.9555555555555556,0.9772727272727273,0.9933333333333333,43,255,0,2
37,depth.RT,raw,0.78,0.8666666666666667,0.8210526315789474,0.9433333333333334,39,244,11,6
37,depth.RP,raw,0.45348837209302323,0.8666666666666667,0.5954198473282443,0.8233333333333334,39,208,47,6
37,depth.RPD,raw,1.0,0.9111111111111111,0.9534883720930233,0.9866666666666667,41,255,0,4
37,WICMAD,raw,1.0,1.0,1.0,1.0,45,255,0,0
37,WICMAD,deriv,0.0,0.0,0.0,0.85,0,255,0,45
38,depth.FM,raw,0.22424242424242424,0.8222222222222222,0.35238095238095235,0.5466666666666666,37,127,128,8
38,depth.mode,raw,0.9782608695652174,1.0,0.989010989010989,0.9966666666666667,45,254,1,0
38,depth.RT,raw,0.7321428571428571,0.9111111111111111,0.8118811881188118,0.9366666666666666,41,240,15,4
38,depth.RP,raw,0.3135593220338983,0.8222222222222222,0.4539877300613497,0.7033333333333334,37,174,81,8
38,depth.RPD,raw,0.86,0.9555555555555556,0.9052631578947369,0.97,43,248,7,2
38,WICMAD,raw,1.0,1.0,1.0,1.0,45,255,0,0
38,WICMAD,deriv,1.0,0.022222222222222223,0.04347826086956522,0.8533333333333334,1,255,0,44
39,depth.FM,raw,0.26,0.5777777777777777,0.3586206896551724,0.69,26,181,74,19
39,depth.mode,raw,1.0,1.0,1.0,1.0,45,255,0,0
39,depth.RT,raw,0.7916666666666666,0.8444444444444444,0.8172043010752689,0.9433333333333334,38,245,10,7
39,depth.RP,raw,0.4393939393939394,0.6444444444444445,0.5225225225225225,0.8233333333333334,29,218,37,16
39,depth.RPD,raw,0.9772727272727273,0.9555555555555556,0.9662921348314608,0.99,43,254,1,2
39,WICMAD,raw,0.0,0.0,0.0,0.85,0,255,0,45
39,WICMAD,deriv,1.0,1.0,1.0,1.0,45,255,0,0
40,depth.FM,raw,0.22764227642276422,0.6222222222222222,0.3333333333333333,0.6266666666666667,28,160,95,17
40,depth.mode,raw,0.9772727272727273,0.9555555555555556,0.9662921348314608,0.99,43,254,1,2
40,depth.RT,raw,0.75,0.9333333333333333,0.8316831683168316,0.9433333333333334,42,241,14,3
40,depth.RP,raw,0.675,0.6,0.6352941176470589,0.8966666666666666,27,242,13,18
40,depth.RPD,raw,0.975609756097561,0.8888888888888888,0.9302325581395349,0.98,40,254,1,5
40,WICMAD,raw,1.0,1.0,1.0,1.0,45,255,0,0
40,WICMAD,deriv,1.0,0.044444444444444446,0.0851063829787234,0.8566666666666667,2,255,0,43
41,depth.FM,raw,0.21243523316062177,0.9111111111111111,0.3445378151260504,0.48,41,103,152,4
41,depth.mode,raw,0.9782608695652174,1.0,0.989010989010989,0.9966666666666667,45,254,1,0
41,depth.RT,raw,0.639344262295082,0.8666666666666667,0.7358490566037736,0.9066666666666666,39,233,22,6
41,depth.RP,raw,0.33884297520661155,0.9111111111111111,0.49397590361445787,0.72,41,175,80,4
41,depth.RPD,raw,0.9545454545454546,0.9333333333333333,0.9438202247191012,0.9833333333333333,42,253,2,3
41,WICMAD,raw,0.5357142857142857,1.0,0.6976744186046512,0.87,45,216,39,0
41,WICMAD,deriv,1.0,0.022222222222222223,0.04347826086956522,0.8533333333333334,1,255,0,44
42,depth.FM,raw,0.2,0.9111111111111111,0.328,0.44,41,91,164,4
42,depth.mode,raw,1.0,1.0,1.0,1.0,45,255,0,0
42,depth.RT,raw,0.7547169811320755,0.8888888888888888,0.8163265306122449,0.94,40,242,13,5
42,depth.RP,raw,0.3620689655172414,0.9333333333333333,0.5217391304347826,0.7433333333333333,42,181,74,3
42,depth.RPD,raw,0.9555555555555556,0.9555555555555556,0.9555555555555556,0.9866666666666667,43,253,2,2
42,WICMAD,raw,1.0,1.0,1.0,1.0,45,255,0,0
42,WICMAD,deriv,0.5,0.022222222222222223,0.0425531914893617,0.85,1,254,1,44
43,depth.FM,raw,0.17777777777777778,0.8888888888888888,0.2962962962962963,0.36666666666666664,40,70,185,5
43,depth.mode,raw,0.9782608695652174,1.0,0.989010989010989,0.9966666666666667,45,254,1,0
43,depth.RT,raw,0.7916666666666666,0.8444444444444444,0.8172043010752689,0.9433333333333334,38,245,10,7
43,depth.RP,raw,0.6428571428571429,0.6,0.6206896551724138,0.89,27,240,15,18
43,depth.RPD,raw,0.9534883720930233,0.9111111111111111,0.9318181818181819,0.98,41,253,2,4
43,WICMAD,raw,1.0,1.0,1.0,1.0,45,255,0,0
43,WICMAD,deriv,1.0,1.0,1.0,1.0,45,255,0,0
44,depth.FM,raw,0.19170984455958548,0.8222222222222222,0.31092436974789917,0.4533333333333333,37,99,156,8
44,depth.mode,raw,1.0,1.0,1.0,1.0,45,255,0,0
44,depth.RT,raw,0.7708333333333334,0.8222222222222222,0.7956989247311829,0.9366666666666666,37,244,11,8
44,depth.RP,raw,0.4722222222222222,0.7555555555555555,0.5811965811965811,0.8366666666666667,34,217,38,11
44,depth.RPD,raw,0.9347826086956522,0.9555555555555556,0.945054945054945,0.9833333333333333,43,252,3,2
44,WICMAD,raw,1.0,0.044444444444444446,0.0851063829787234,0.8566666666666667,2,255,0,43
44,WICMAD,deriv,1.0,1.0,1.0,1.0,45,255,0,0
45,depth.FM,raw,0.3055555555555556,0.4888888888888889,0.37606837606837606,0.7566666666666667,22,205,50,23
45,depth.mode,raw,0.9574468085106383,1.0,0.9782608695652174,0.9933333333333333,45,253,2,0
45,depth.RT,raw,0.7068965517241379,0.9111111111111111,0.7961165048543689,0.93,41,238,17,4
45,depth.RP,raw,0.449438202247191,0.8888888888888888,0.5970149253731343,0.82,40,206,49,5
45,depth.RPD,raw,0.9166666666666666,0.9777777777777777,0.946236559139785,0.9833333333333333,44,251,4,1
45,WICMAD,raw,1.0,1.0,1.0,1.0,45,255,0,0
45,WICMAD,deriv,0.9782608695652174,1.0,0.989010989010989,0.9966666666666667,45,254,1,0
46,depth.FM,raw,0.2222222222222222,0.7555555555555555,0.34343434343434337,0.5666666666666667,34,136,119,11
46,depth.mode,raw,0.9782608695652174,1.0,0.989010989010989,0.9966666666666667,45,254,1,0
46,depth.RT,raw,0.7592592592592593,0.9111111111111111,0.8282828282828282,0.9433333333333334,41,242,13,4
46,depth.RP,raw,0.68,0.7555555555555555,0.7157894736842104,0.91,34,239,16,11
46,depth.RPD,raw,0.8979591836734694,0.9777777777777777,0.9361702127659575,0.98,44,250,5,1
46,WICMAD,raw,1.0,1.0,1.0,1.0,45,255,0,0
46,WICMAD,deriv,1.0,0.9777777777777777,0.9887640449438202,0.9966666666666667,44,255,0,1
47,depth.FM,raw,0.2129032258064516,0.7333333333333333,0.32999999999999996,0.5533333333333333,33,133,122,12
47,depth.mode,raw,1.0,1.0,1.0,1.0,45,255,0,0
47,depth.RT,raw,0.82,0.9111111111111111,0.8631578947368421,0.9566666666666667,41,246,9,4
47,depth.RP,raw,0.40625,0.8666666666666667,0.5531914893617021,0.79,39,198,57,6
47,depth.RPD,raw,0.9777777777777777,0.9777777777777777,0.9777777777777777,0.9933333333333333,44,254,1,1
47,WICMAD,raw,1.0,1.0,1.0,1.0,45,255,0,0
47,WICMAD,deriv,0.0,0.0,0.0,0.85,0,255,0,45
48,depth.FM,raw,0.23076923076923078,0.6666666666666666,0.3428571428571429,0.6166666666666667,30,155,100,15
48,depth.mode,raw,1.0,1.0,1.0,1.0,45,255,0,0
48,depth.RT,raw,0.76,0.8444444444444444,0.8,0.9366666666666666,38,243,12,7
48,depth.RP,raw,0.5588235294117647,0.8444444444444444,0.672566371681416,0.8766666666666667,38,225,30,7
48,depth.RPD,raw,1.0,1.0,1.0,1.0,45,255,0,0
48,WICMAD,raw,1.0,1.0,1.0,1.0,45,255,0,0
48,WICMAD,deriv,0.9782608695652174,1.0,0.989010989010989,0.9966666666666667,45,254,1,0
49,depth.FM,raw,0.19886363636363635,0.7777777777777778,0.3167420814479638,0.49666666666666665,35,114,141,10
49,depth.mode,raw,1.0,1.0,1.0,1.0,45,255,0,0
49,depth.RT,raw,0.7096774193548387,0.9777777777777777,0.8224299065420562,0.9366666666666666,44,237,18,1
49,depth.RP,raw,0.4939759036144578,0.9111111111111111,0.640625,0.8466666666666667,41,213,42,4
49,depth.RPD,raw,1.0,0.8888888888888888,0.9411764705882353,0.9833333333333333,40,255,0,5
49,WICMAD,raw,0.5421686746987951,1.0,0.7031249999999999,0.8733333333333333,45,217,38,0
49,WICMAD,deriv,1.0,1.0,1.0,1.0,45,255,0,0
50,depth.FM,raw,0.22580645161290322,0.9333333333333333,0.36363636363636365,0.51,42,111,144,3
50,depth.mode,raw,1.0,1.0,1.0,1.0,45,255,0,0
50,depth.RT,raw,0.7884615384615384,0.9111111111111111,0.845360824742268,0.95,41,244,11,4
50,depth.RP,raw,0.3644859813084112,0.8666666666666667,0.5131578947368421,0.7533333333333333,39,187,68,6
50,depth.RPD,raw,0.9761904761904762,0.9111111111111111,0.9425287356321839,0.9833333333333333,41,254,1,4
50,WICMAD,raw,0.0,0.0,0.0,0.85,0,255,0,45
50,WICMAD,deriv,1.0,1.0,1.0,1.0,45,255,0,0
51,depth.FM,raw,0.19895287958115182,0.8444444444444444,0.3220338983050847,0.4666666666666667,38,102,153,7
51,depth.mode,raw,1.0,1.0,1.0,1.0,45,255,0,0
51,depth.RT,raw,0.803921568627451,0.9111111111111111,0.8541666666666666,0.9533333333333334,41,245,10,4
51,depth.RP,raw,0.42696629213483145,0.8444444444444444,0.5671641791044776,0.8066666666666666,38,204,51,7
51,depth.RPD,raw,0.975609756097561,0.8888888888888888,0.9302325581395349,0.98,40,254,1,5
51,WICMAD,raw,1.0,0.06666666666666667,0.125,0.86,3,255,0,42
51,WICMAD,deriv,1.0,1.0,1.0,1.0,45,255,0,0
52,depth.FM,raw,0.22641509433962265,0.8,0.35294117647058826,0.56,36,132,123,9
52,depth.mode,raw,1.0,1.0,1.0,1.0,45,255,0,0
52,depth.RT,raw,0.6896551724137931,0.8888888888888888,0.7766990291262136,0.9233333333333333,40,237,18,5
52,depth.RP,raw,0.35135135135135137,0.8666666666666667,0.5000000000000001,0.74,39,183,72,6
52,depth.RPD,raw,0.9555555555555556,0.9555555555555556,0.9555555555555556,0.9866666666666667,43,253,2,2
52,WICMAD,raw,1.0,1.0,1.0,1.0,45,255,0,0
52,WICMAD,deriv,1.0,1.0,1.0,1.0,45,255,0,0
53,depth.FM,raw,0.3088235294117647,0.4666666666666667,0.37168141592920356,0.7633333333333333,21,208,47,24
53,depth.mode,raw,0.9782608695652174,1.0,0.989010989010989,0.9966666666666667,45,254,1,0
53,depth.RT,raw,0.7777777777777778,0.9333333333333333,0.8484848484848485,0.95,42,243,12,3
53,depth.RP,raw,0.4805194805194805,0.8222222222222222,0.6065573770491802,0.84,37,215,40,8
53,depth.RPD,raw,0.8936170212765957,0.9333333333333333,0.9130434782608695,0.9733333333333334,42,250,5,3
53,WICMAD,raw,0.0,0.0,0.0,0.85,0,255,0,45
53,WICMAD,deriv,0.0,0.0,0.0,0.85,0,255,0,45
54,depth.FM,raw,0.2215909090909091,0.8666666666666667,0.3529411764705882,0.5233333333333333,39,118,137,6
54,depth.mode,raw,0.9565217391304348,0.9777777777777777,0.967032967032967,0.99,44,253,2,1
54,depth.RT,raw,0.8333333333333334,0.7777777777777778,0.8045977011494253,0.9433333333333334,35,248,7,10
54,depth.RP,raw,0.5740740740740741,0.6888888888888889,0.6262626262626262,0.8766666666666667,31,232,23,14
54,depth.RPD,raw,0.9523809523809523,0.8888888888888888,0.9195402298850575,0.9766666666666667,40,253,2,5
54,WICMAD,raw,1.0,1.0,1.0,1.0,45,255,0,0
54,WICMAD,deriv,0.0,0.0,0.0,0.85,0,255,0,45
55,depth.FM,raw,0.3333333333333333,0.37777777777777777,0.3541666666666667,0.7933333333333333,17,221,34,28
55,depth.mode,raw,1.0,0.9777777777777777,0.9887640449438202,0.9966666666666667,44,255,0,1
55,depth.RT,raw,0.9047619047619048,0.8444444444444444,0.8735632183908046,0.9633333333333334,38,251,4,7
55,depth.RP,raw,0.38613861386138615,0.8666666666666667,0.5342465753424658,0.7733333333333333,39,193,62,6
55,depth.RPD,raw,0.9743589743589743,0.8444444444444444,0.9047619047619048,0.9733333333333334,38,254,1,7
55,WICMAD,raw,0.5421686746987951,1.0,0.7031249999999999,0.8733333333333333,45,217,38,0
55,WICMAD,deriv,1.0,0.9777777777777777,0.9887640449438202,0.9966666666666667,44,255,0,1
56,depth.FM,raw,0.20809248554913296,0.8,0.33027522935779824,0.5133333333333333,36,118,137,9
56,depth.mode,raw,0.9782608695652174,1.0,0.989010989010989,0.9966666666666667,45,254,1,0
56,depth.RT,raw,0.8863636363636364,0.8666666666666667,0.8764044943820225,0.9633333333333334,39,250,5,6
56,depth.RP,raw,0.5151515151515151,0.7555555555555555,0.6126126126126126,0.8566666666666667,34,223,32,11
56,depth.RPD,raw,0.9111111111111111,0.9111111111111111,0.9111111111111111,0.9733333333333334,41,251,4,4
56,WICMAD,raw,1.0,1.0,1.0,1.0,45,255,0,0
56,WICMAD,deriv,1.0,1.0,1.0,1.0,45,255,0,0
57,depth.FM,raw,0.20833333333333334,0.6666666666666666,0.3174603174603175,0.57,30,141,114,15
57,depth.mode,raw,1.0,1.0,1.0,1.0,45,255,0,0
57,depth.RT,raw,0.7592592592592593,0.9111111111111111,0.8282828282828282,0.9433333333333334,41,242,13,4
57,depth.RP,raw,0.3958333333333333,0.8444444444444444,0.5390070921985816,0.7833333333333333,38,197,58,7
57,depth.RPD,raw,0.9318181818181818,0.9111111111111111,0.9213483146067416,0.9766666666666667,41,252,3,4
57,WICMAD,raw,1.0,1.0,1.0,1.0,45,255,0,0
57,WICMAD,deriv,0.9777777777777777,0.9777777777777777,0.9777777777777777,0.9933333333333333,44,254,1,1
58,depth.FM,raw,0.27722772277227725,0.6222222222222222,0.3835616438356165,0.7,28,182,73,17
58,depth.mode,raw,1.0,1.0,1.0,1.0,45,255,0,0
58,depth.RT,raw,0.7358490566037735,0.8666666666666667,0.7959183673469387,0.9333333333333333,39,241,14,6
58,depth.RP,raw,0.42528735632183906,0.8222222222222222,0.5606060606060606,0.8066666666666666,37,205,50,8
58,depth.RPD,raw,0.8461538461538461,0.9777777777777777,0.9072164948453608,0.97,44,247,8,1
58,WICMAD,raw,1.0,1.0,1.0,1.0,45,255,0,0
58,WICMAD,deriv,0.9782608695652174,1.0,0.989010989010989,0.9966666666666667,45,254,1,0
59,depth.FM,raw,0.21551724137931033,0.5555555555555556,0.31055900621118016,0.63,25,164,91,20
59,depth.mode,raw,1.0,1.0,1.0,1.0,45,255,0,0
59,depth.RT,raw,0.8125,0.8666666666666667,0.8387096774193549,0.95,39,246,9,6
59,depth.RP,raw,0.3942307692307692,0.9111111111111111,0.5503355704697986,0.7766666666666666,41,192,63,4
59,depth.RPD,raw,0.9318181818181818,0.9111111111111111,0.9213483146067416,0.9766666666666667,41,252,3,4
59,WICMAD,raw,0.0,0.0,0.0,0.85,0,255,0,45
59,WICMAD,deriv,1.0,0.06666666666666667,0.125,0.86,3,255,0,42
60,depth.FM,raw,0.24427480916030533,0.7111111111111111,0.36363636363636365,0.6266666666666667,32,156,99,13
60,depth.mode,raw,0.9574468085106383,1.0,0.9782608695652174,0.9933333333333333,45,253,2,0
60,depth.RT,raw,0.8863636363636364,0.8666666666666667,0.8764044943820225,0.9633333333333334,39,250,5,6
60,depth.RP,raw,0.4533333333333333,0.7555555555555555,0.5666666666666667,0.8266666666666667,34,214,41,11
60,depth.RPD,raw,0.88,0.9777777777777777,0.9263157894736842,0.9766666666666667,44,249,6,1
60,WICMAD,raw,1.0,1.0,1.0,1.0,45,255,0,0
60,WICMAD,deriv,0.0,0.0,0.0,0.85,0,255,0,45
61,depth.FM,raw,0.23423423423423423,0.5777777777777777,0.3333333333333333,0.6533333333333333,26,170,85,19
61,depth.mode,raw,1.0,0.9555555555555556,0.9772727272727273,0.9933333333333333,43,255,0,2
61,depth.RT,raw,0.7735849056603774,0.9111111111111111,0.8367346938775511,0.9466666666666667,41,243,12,4
61,depth.RP,raw,0.36666666666666664,0.7333333333333333,0.4888888888888889,0.77,33,198,57,12
61,depth.RPD,raw,0.9148936170212766,0.9555555555555556,0.9347826086956522,0.98,43,251,4,2
61,WICMAD,raw,1.0,1.0,1.0,1.0,45,255,0,0
61,WICMAD,deriv,0.0,0.0,0.0,0.85,0,255,0,45
62,depth.FM,raw,0.2546583850931677,0.9111111111111111,0.3980582524271844,0.5866666666666667,41,135,120,4
62,depth.mode,raw,1.0,1.0,1.0,1.0,45,255,0,0
62,depth.RT,raw,0.7368421052631579,0.9333333333333333,0.8235294117647058,0.94,42,240,15,3
62,depth.RP,raw,0.4444444444444444,0.7111111111111111,0.5470085470085471,0.8233333333333334,32,215,40,13
62,depth.RPD,raw,0.9782608695652174,1.0,0.989010989010989,0.9966666666666667,45,254,1,0
62,WICMAD,raw,0.0,0.0,0.0,0.85,0,255,0,45
62,WICMAD,deriv,0.0,0.0,0.0,0.85,0,255,0,45
63,depth.FM,raw,0.18292682926829268,1.0,0.30927835051546393,0.33,45,54,201,0
63,depth.mode,raw,1.0,1.0,1.0,1.0,45,255,0,0
63,depth.RT,raw,0.851063829787234,0.8888888888888888,0.8695652173913044,0.96,40,248,7,5
63,depth.RP,raw,0.44285714285714284,0.6888888888888889,0.5391304347826087,0.8233333333333334,31,216,39,14
63,depth.RPD,raw,0.9347826086956522,0.9555555555555556,0.945054945054945,0.9833333333333333,43,252,3,2
63,WICMAD,raw,0.5421686746987951,1.0,0.7031249999999999,0.8733333333333333,45,217,38,0
63,WICMAD,deriv,1.0,0.08888888888888889,0.163265306122449,0.8633333333333333,4,255,0,41
64,depth.FM,raw,0.22784810126582278,0.8,0.354679802955665,0.5633333333333334,36,133,122,9
64,depth.mode,raw,1.0,0.9777777777777777,0.9887640449438202,0.9966666666666667,44,255,0,1
64,depth.RT,raw,0.7924528301886793,0.9333333333333333,0.8571428571428572,0.9533333333333334,42,244,11,3
64,depth.RP,raw,0.3956043956043956,0.8,0.5294117647058824,0.7866666666666666,36,200,55,9
64,depth.RPD,raw,0.9772727272727273,0.9555555555555556,0.9662921348314608,0.99,43,254,1,2
64,WICMAD,raw,1.0,1.0,1.0,1.0,45,255,0,0
64,WICMAD,deriv,0.0,0.0,0.0,0.85,0,255,0,45
65,depth.FM,raw,0.21311475409836064,0.8666666666666667,0.3421052631578947,0.5,39,111,144,6
65,depth.mode,raw,1.0,1.0,1.0,1.0,45,255,0,0
65,depth.RT,raw,0.8260869565217391,0.8444444444444444,0.8351648351648352,0.95,38,247,8,7
65,depth.RP,raw,0.375,0.9333333333333333,0.535031847133758,0.7566666666666667,42,185,70,3
65,depth.RPD,raw,0.9487179487179487,0.8222222222222222,0.8809523809523809,0.9666666666666667,37,253,2,8
65,WICMAD,raw,0.5421686746987951,1.0,0.7031249999999999,0.8733333333333333,45,217,38,0
65,WICMAD,deriv,0.0,0.0,0.0,0.85,0,255,0,45
66,depth.FM,raw,0.19230769230769232,0.7777777777777778,0.3083700440528635,0.4766666666666667,35,108,147,10
66,depth.mode,raw,0.9782608695652174,1.0,0.989010989010989,0.9966666666666667,45,254,1,0
66,depth.RT,raw,0.7068965517241379,0.9111111111111111,0.7961165048543689,0.93,41,238,17,4
66,depth.RP,raw,0.33884297520661155,0.9111111111111111,0.49397590361445787,0.72,41,175,80,4
66,depth.RPD,raw,0.9487179487179487,0.8222222222222222,0.8809523809523809,0.9666666666666667,37,253,2,8
66,WICMAD,raw,0.0,0.0,0.0,0.85,0,255,0,45
66,WICMAD,deriv,0.0,0.0,0.0,0.85,0,255,0,45
67,depth.FM,raw,0.20930232558139536,0.6,0.3103448275862069,0.6,27,153,102,18
67,depth.mode,raw,0.9782608695652174,1.0,0.989010989010989,0.9966666666666667,45,254,1,0
67,depth.RT,raw,0.7037037037037037,0.8444444444444444,0.7676767676767676,0.9233333333333333,38,239,16,7
67,depth.RP,raw,0.34146341463414637,0.9333333333333333,0.5,0.72,42,174,81,3
67,depth.RPD,raw,0.9512195121951219,0.8666666666666667,0.9069767441860465,0.9733333333333334,39,253,2,6
67,WICMAD,raw,1.0,1.0,1.0,1.0,45,255,0,0
67,WICMAD,deriv,1.0,0.06666666666666667,0.125,0.86,3,255,0,42
68,depth.FM,raw,0.18478260869565216,0.7555555555555555,0.29694323144104806,0.4633333333333333,34,105,150,11
68,depth.mode,raw,0.9782608695652174,1.0,0.989010989010989,0.9966666666666667,45,254,1,0
68,depth.RT,raw,0.7096774193548387,0.9777777777777777,0.8224299065420562,0.9366666666666666,44,237,18,1
68,depth.RP,raw,0.4588235294117647,0.8666666666666667,0.6,0.8266666666666667,39,209,46,6
68,depth.RPD,raw,1.0,1.0,1.0,1.0,45,255,0,0
68,WICMAD,raw,0.5421686746987951,1.0,0.7031249999999999,0.8733333333333333,45,217,38,0
68,WICMAD,deriv,0.0,0.0,0.0,0.8466666666666667,0,254,1,45
69,depth.FM,raw,0.20958083832335328,0.7777777777777778,0.33018867924528306,0.5266666666666666,35,123,132,10
69,depth.mode,raw,0.9782608695652174,1.0,0.989010989010989,0.9966666666666667,45,254,1,0
69,depth.RT,raw,0.6949152542372882,0.9111111111111111,0.7884615384615385,0.9266666666666666,41,237,18,4
69,depth.RP,raw,0.425,0.7555555555555555,0.5439999999999999,0.81,34,209,46,11
69,depth.RPD,raw,0.9767441860465116,0.9333333333333333,0.9545454545454545,0.9866666666666667,42,254,1,3
69,WICMAD,raw,1.0,1.0,1.0,1.0,45,255,0,0
69,WICMAD,deriv,1.0,0.044444444444444446,0.0851063829787234,0.8566666666666667,2,255,0,43
70,depth.FM,raw,0.20786516853932585,0.8222222222222222,0.33183856502242154,0.5033333333333333,37,114,141,8
70,depth.mode,raw,1.0,0.9777777777777777,0.9887640449438202,0.9966666666666667,44,255,0,1
70,depth.RT,raw,0.8723404255319149,0.9111111111111111,0.891304347826087,0.9666666666666667,41,249,6,4
70,depth.RP,raw,0.5,0.7555555555555555,0.6017699115044248,0.85,34,221,34,11
70,depth.RPD,raw,0.9772727272727273,0.9555555555555556,0.9662921348314608,0.99,43,254,1,2
70,WICMAD,raw,1.0,0.044444444444444446,0.0851063829787234,0.8566666666666667,2,255,0,43
70,WICMAD,deriv,0.0,0.0,0.0,0.85,0,255,0,45
71,depth.FM,raw,0.25252525252525254,0.5555555555555556,0.34722222222222227,0.6866666666666666,25,181,74,20
71,depth.mode,raw,1.0,1.0,1.0,1.0,45,255,0,0
71,depth.RT,raw,0.7843137254901961,0.8888888888888888,0.8333333333333334,0.9466666666666667,40,244,11,5
71,depth.RP,raw,0.38202247191011235,0.7555555555555555,0.5074626865671642,0.78,34,200,55,11
71,depth.RPD,raw,0.9361702127659575,0.9777777777777777,0.9565217391304347,0.9866666666666667,44,252,3,1
71,WICMAD,raw,1.0,1.0,1.0,1.0,45,255,0,0
71,WICMAD,deriv,1.0,0.022222222222222223,0.04347826086956522,0.8533333333333334,1,255,0,44
72,depth.FM,raw,0.2868217054263566,0.8222222222222222,0.42528735632183906,0.6666666666666666,37,163,92,8
72,depth.mode,raw,1.0,1.0,1.0,1.0,45,255,0,0
72,depth.RT,raw,0.7962962962962963,0.9555555555555556,0.8686868686868687,0.9566666666666667,43,244,11,2
72,depth.RP,raw,0.4520547945205479,0.7333333333333333,0.5593220338983051,0.8266666666666667,33,215,40,12
72,depth.RPD,raw,0.9743589743589743,0.8444444444444444,0.9047619047619048,0.9733333333333334,38,254,1,7
72,WICMAD,raw,0.5421686746987951,1.0,0.7031249999999999,0.8733333333333333,45,217,38,0
72,WICMAD,deriv,1.0,1.0,1.0,1.0,45,255,0,0
73,depth.FM,raw,0.2619047619047619,0.4888888888888889,0.34108527131782945,0.7166666666666667,22,193,62,23
73,depth.mode,raw,1.0,1.0,1.0,1.0,45,255,0,0
73,depth.RT,raw,0.7843137254901961,0.8888888888888888,0.8333333333333334,0.9466666666666667,40,244,11,5
73,depth.RP,raw,0.35,0.7777777777777778,0.48275862068965514,0.75,35,190,65,10
73,depth.RPD,raw,0.8478260869565217,0.8666666666666667,0.8571428571428571,0.9566666666666667,39,248,7,6
73,WICMAD,raw,0.0,0.0,0.0,0.85,0,255,0,45
73,WICMAD,deriv,1.0,1.0,1.0,1.0,45,255,0,0
74,depth.FM,raw,0.2462686567164179,0.7333333333333333,0.3687150837988826,0.6233333333333333,33,154,101,12
74,depth.mode,raw,1.0,1.0,1.0,1.0,45,255,0,0
74,depth.RT,raw,0.76,0.8444444444444444,0.8,0.9366666666666666,38,243,12,7
74,depth.RP,raw,0.35294117647058826,0.9333333333333333,0.5121951219512195,0.7333333333333333,42,178,77,3
74,depth.RPD,raw,1.0,0.9333333333333333,0.9655172413793104,0.99,42,255,0,3
74,WICMAD,raw,1.0,0.044444444444444446,0.0851063829787234,0.8566666666666667,2,255,0,43
74,WICMAD,deriv,0.0,0.0,0.0,0.85,0,255,0,45
75,depth.FM,raw,0.1781609195402299,0.6888888888888889,0.28310502283105027,0.4766666666666667,31,112,143,14
75,depth.mode,raw,0.9777777777777777,0.9777777777777777,0.9777777777777777,0.9933333333333333,44,254,1,1
75,depth.RT,raw,0.7735849056603774,0.9111111111111111,0.8367346938775511,0.9466666666666667,41,243,12,4
75,depth.RP,raw,0.43820224719101125,0.8666666666666667,0.582089552238806,0.8133333333333334,39,205,50,6
75,depth.RPD,raw,0.8863636363636364,0.8666666666666667,0.8764044943820225,0.9633333333333334,39,250,5,6
75,WICMAD,raw,1.0,1.0,1.0,1.0,45,255,0,0
75,WICMAD,deriv,0.9782608695652174,1.0,0.989010989010989,0.9966666666666667,45,254,1,0
76,depth.FM,raw,0.2014388489208633,0.6222222222222222,0.30434782608695654,0.5733333333333334,28,144,111,17
76,depth.mode,raw,1.0,1.0,1.0,1.0,45,255,0,0
76,depth.RT,raw,0.8235294117647058,0.9333333333333333,0.8749999999999999,0.96,42,246,9,3
76,depth.RP,raw,0.42574257425742573,0.9555555555555556,0.5890410958904109,0.8,43,197,58,2
76,depth.RPD,raw,0.9565217391304348,0.9777777777777777,0.967032967032967,0.99,44,253,2,1
76,WICMAD,raw,1.0,1.0,1.0,1.0,45,255,0,0
76,WICMAD,deriv,0.6666666666666666,0.044444444444444446,0.08333333333333334,0.8533333333333334,2,254,1,43
77,depth.FM,raw,0.2080536912751678,0.6888888888888889,0.31958762886597936,0.56,31,137,118,14
77,depth.mode,raw,0.9375,1.0,0.967741935483871,0.99,45,252,3,0
77,depth.RT,raw,0.75,0.9333333333333333,0.8316831683168316,0.9433333333333334,42,241,14,3
77,depth.RP,raw,0.43529411764705883,0.8222222222222222,0.5692307692307692,0.8133333333333334,37,207,48,8
77,depth.RPD,raw,0.9347826086956522,0.9555555555555556,0.945054945054945,0.9833333333333333,43,252,3,2
77,WICMAD,raw,0.0,0.0,0.0,0.85,0,255,0,45
77,WICMAD,deriv,0.9574468085106383,1.0,0.9782608695652174,0.9933333333333333,45,253,2,0
78,depth.FM,raw,0.17326732673267325,0.7777777777777778,0.28340080971659914,0.41,35,88,167,10
78,depth.mode,raw,0.9782608695652174,1.0,0.989010989010989,0.9966666666666667,45,254,1,0
78,depth.RT,raw,0.8043478260869565,0.8222222222222222,0.8131868131868132,0.9433333333333334,37,246,9,8
78,depth.RP,raw,0.417910447761194,0.6222222222222222,0.5,0.8133333333333334,28,216,39,17
78,depth.RPD,raw,0.8823529411764706,1.0,0.9375,0.98,45,249,6,0
78,WICMAD,raw,1.0,1.0,1.0,1.0,45,255,0,0
78,WICMAD,deriv,1.0,0.022222222222222223,0.04347826086956522,0.8533333333333334,1,255,0,44
79,depth.FM,raw,0.2077922077922078,0.7111111111111111,0.3216080402010051,0.55,32,133,122,13
79,depth.mode,raw,1.0,1.0,1.0,1.0,45,255,0,0
79,depth.RT,raw,0.8163265306122449,0.8888888888888888,0.851063829787234,0.9533333333333334,40,246,9,5
79,depth.RP,raw,0.43373493975903615,0.8,0.5625,0.8133333333333334,36,208,47,9
79,depth.RPD,raw,0.9767441860465116,0.9333333333333333,0.9545454545454545,0.9866666666666667,42,254,1,3
79,WICMAD,raw,1.0,1.0,1.0,1.0,45,255,0,0
79,WICMAD,deriv,0.9574468085106383,1.0,0.9782608695652174,0.9933333333333333,45,253,2,0
80,depth.FM,raw,0.2152777777777778,0.6888888888888889,0.328042328042328,0.5766666666666667,31,142,113,14
80,depth.mode,raw,0.9782608695652174,1.0,0.989010989010989,0.9966666666666667,45,254,1,0
80,depth.RT,raw,0.8695652173913043,0.8888888888888888,0.8791208791208792,0.9633333333333334,40,249,6,5
80,depth.RP,raw,0.43661971830985913,0.6888888888888889,0.5344827586206896,0.82,31,215,40,14
80,depth.RPD,raw,0.9130434782608695,0.9333333333333333,0.9230769230769231,0.9766666666666667,42,251,4,3
80,WICMAD,raw,1.0,1.0,1.0,1.0,45,255,0,0
80,WICMAD,deriv,0.0,0.0,0.0,0.85,0,255,0,45
81,depth.FM,raw,0.25,0.6222222222222222,0.35668789808917195,0.6633333333333333,28,171,84,17
81,depth.mode,raw,1.0,1.0,1.0,1.0,45,255,0,0
81,depth.RT,raw,0.8163265306122449,0.8888888888888888,0.851063829787234,0.9533333333333334,40,246,9,5
81,depth.RP,raw,0.5263157894736842,0.8888888888888888,0.6611570247933884,0.8633333333333333,40,219,36,5
81,depth.RPD,raw,0.9318181818181818,0.9111111111111111,0.9213483146067416,0.9766666666666667,41,252,3,4
81,WICMAD,raw,1.0,1.0,1.0,1.0,45,255,0,0
81,WICMAD,deriv,1.0,0.022222222222222223,0.04347826086956522,0.8533333333333334,1,255,0,44
82,depth.FM,raw,0.19402985074626866,0.8666666666666667,0.3170731707317074,0.44,39,93,162,6
82,depth.mode,raw,1.0,1.0,1.0,1.0,45,255,0,0
82,depth.RT,raw,0.7592592592592593,0.9111111111111111,0.8282828282828282,0.9433333333333334,41,242,13,4
82,depth.RP,raw,0.34615384615384615,0.8,0.4832214765100672,0.7433333333333333,36,187,68,9
82,depth.RPD,raw,0.9361702127659575,0.9777777777777777,0.9565217391304347,0.9866666666666667,44,252,3,1
82,WICMAD,raw,0.0,0.0,0.0,0.85,0,255,0,45
82,WICMAD,deriv,1.0,1.0,1.0,1.0,45,255,0,0
83,depth.FM,raw,0.26136363636363635,0.5111111111111111,0.34586466165413526,0.71,23,190,65,22
83,depth.mode,raw,0.9782608695652174,1.0,0.989010989010989,0.9966666666666667,45,254,1,0
83,depth.RT,raw,0.8372093023255814,0.8,0.8181818181818183,0.9466666666666667,36,248,7,9
83,depth.RP,raw,0.7777777777777778,0.6222222222222222,0.6913580246913581,0.9166666666666666,28,247,8,17
83,depth.RPD,raw,0.9555555555555556,0.9555555555555556,0.9555555555555556,0.9866666666666667,43,253,2,2
83,WICMAD,raw,1.0,1.0,1.0,1.0,45,255,0,0
83,WICMAD,deriv,1.0,1.0,1.0,1.0,45,255,0,0
84,depth.FM,raw,0.26851851851851855,0.6444444444444445,0.3790849673202615,0.6833333333333333,29,176,79,16
84,depth.mode,raw,1.0,0.9777777777777777,0.9887640449438202,0.9966666666666667,44,255,0,1
84,depth.RT,raw,0.7358490566037735,0.8666666666666667,0.7959183673469387,0.9333333333333333,39,241,14,6
84,depth.RP,raw,0.4782608695652174,0.7333333333333333,0.5789473684210527,0.84,33,219,36,12
84,depth.RPD,raw,0.9523809523809523,0.8888888888888888,0.9195402298850575,0.9766666666666667,40,253,2,5
84,WICMAD,raw,1.0,1.0,1.0,1.0,45,255,0,0
84,WICMAD,deriv,1.0,0.044444444444444446,0.0851063829787234,0.8566666666666667,2,255,0,43
85,depth.FM,raw,0.27848101265822783,0.4888888888888889,0.3548387096774194,0.7333333333333333,22,198,57,23
85,depth.mode,raw,1.0,1.0,1.0,1.0,45,255,0,0
85,depth.RT,raw,0.6875,0.9777777777777777,0.8073394495412843,0.93,44,235,20,1
85,depth.RP,raw,0.40594059405940597,0.9111111111111111,0.5616438356164384,0.7866666666666666,41,195,60,4
85,depth.RPD,raw,0.9361702127659575,0.9777777777777777,0.9565217391304347,0.9866666666666667,44,252,3,1
85,WICMAD,raw,1.0,1.0,1.0,1.0,45,255,0,0
85,WICMAD,deriv,1.0,1.0,1.0,1.0,45,255,0,0
86,depth.FM,raw,0.2,0.9111111111111111,0.328,0.44,41,91,164,4
86,depth.mode,raw,1.0,1.0,1.0,1.0,45,255,0,0
86,depth.RT,raw,0.7872340425531915,0.8222222222222222,0.8043478260869565,0.94,37,245,10,8
86,depth.RP,raw,0.4264705882352941,0.6444444444444445,0.5132743362831859,0.8166666666666667,29,216,39,16
86,depth.RPD,raw,0.8431372549019608,0.9555555555555556,0.8958333333333333,0.9666666666666667,43,247,8,2
86,WICMAD,raw,1.0,1.0,1.0,1.0,45,255,0,0
86,WICMAD,deriv,1.0,0.044444444444444446,0.0851063829787234,0.8566666666666667,2,255,0,43
87,depth.FM,raw,0.24647887323943662,0.7777777777777778,0.3743315508021391,0.61,35,148,107,10
87,depth.mode,raw,1.0,0.9777777777777777,0.9887640449438202,0.9966666666666667,44,255,0,1
87,depth.RT,raw,0.7096774193548387,0.9777777777777777,0.8224299065420562,0.9366666666666666,44,237,18,1
87,depth.RP,raw,0.3953488372093023,0.7555555555555555,0.5190839694656488,0.79,34,203,52,11
87,depth.RPD,raw,0.9347826086956522,0.9555555555555556,0.945054945054945,0.9833333333333333,43,252,3,2
87,WICMAD,raw,1.0,1.0,1.0,1.0,45,255,0,0
87,WICMAD,deriv,0.0,0.0,0.0,0.85,0,255,0,45
88,depth.FM,raw,0.25742574257425743,0.5777777777777777,0.35616438356164387,0.6866666666666666,26,180,75,19
88,depth.mode,raw,1.0,1.0,1.0,1.0,45,255,0,0
88,depth.RT,raw,0.8125,0.8666666666666667,0.8387096774193549,0.95,39,246,9,6
88,depth.RP,raw,0.7222222222222222,0.5777777777777777,0.6419753086419753,0.9033333333333333,26,245,10,19
88,depth.RPD,raw,0.9534883720930233,0.9111111111111111,0.9318181818181819,0.98,41,253,2,4
88,WICMAD,raw,1.0,1.0,1.0,1.0,45,255,0,0
88,WICMAD,deriv,0.9782608695652174,1.0,0.989010989010989,0.9966666666666667,45,254,1,0
89,depth.FM,raw,0.18686868686868688,0.8222222222222222,0.3045267489711934,0.43666666666666665,37,94,161,8
89,depth.mode,raw,1.0,1.0,1.0,1.0,45,255,0,0
89,depth.RT,raw,0.6935483870967742,0.9555555555555556,0.8037383177570094,0.93,43,236,19,2
89,depth.RP,raw,0.4186046511627907,0.8,0.549618320610687,0.8033333333333333,36,205,50,9
89,depth.RPD,raw,0.9148936170212766,0.9555555555555556,0.9347826086956522,0.98,43,251,4,2
89,WICMAD,raw,1.0,1.0,1.0,1.0,45,255,0,0
89,WICMAD,deriv,1.0,1.0,1.0,1.0,45,255,0,0
90,depth.FM,raw,0.26436781609195403,0.5111111111111111,0.34848484848484845,0.7133333333333334,23,191,64,22
90,depth.mode,raw,0.9574468085106383,1.0,0.9782608695652174,0.9933333333333333,45,253,2,0
90,depth.RT,raw,0.7254901960784313,0.8222222222222222,0.7708333333333334,0.9266666666666666,37,241,14,8
90,depth.RP,raw,0.40384615384615385,0.9333333333333333,0.5637583892617449,0.7833333333333333,42,193,62,3
90,depth.RPD,raw,0.9318181818181818,0.9111111111111111,0.9213483146067416,0.9766666666666667,41,252,3,4
90,WICMAD,raw,0.5421686746987951,1.0,0.7031249999999999,0.8733333333333333,45,217,38,0
90,WICMAD,deriv,0.0,0.0,0.0,0.85,0,255,0,45
91,depth.FM,raw,0.2,0.8444444444444444,0.3234042553191489,0.47,38,103,152,7
91,depth.mode,raw,1.0,1.0,1.0,1.0,45,255,0,0
91,depth.RT,raw,0.7272727272727273,0.8888888888888888,0.7999999999999999,0.9333333333333333,40,240,15,5
91,depth.RP,raw,0.4358974358974359,0.7555555555555555,0.5528455284552846,0.8166666666666667,34,211,44,11
91,depth.RPD,raw,0.8979591836734694,0.9777777777777777,0.9361702127659575,0.98,44,250,5,1
91,WICMAD,raw,1.0,1.0,1.0,1.0,45,255,0,0
91,WICMAD,deriv,1.0,1.0,1.0,1.0,45,255,0,0
92,depth.FM,raw,0.2057142857142857,0.8,0.32727272727272727,0.5066666666666667,36,116,139,9
92,depth.mode,raw,1.0,1.0,1.0,1.0,45,255,0,0
92,depth.RT,raw,0.7843137254901961,0.8888888888888888,0.8333333333333334,0.9466666666666667,40,244,11,5
92,depth.RP,raw,0.4935064935064935,0.8444444444444444,0.6229508196721312,0.8466666666666667,38,216,39,7
92,depth.RPD,raw,0.9767441860465116,0.9333333333333333,0.9545454545454545,0.9866666666666667,42,254,1,3
92,WICMAD,raw,1.0,1.0,1.0,1.0,45,255,0,0
92,WICMAD,deriv,0.0,0.0,0.0,0.85,0,255,0,45
93,depth.FM,raw,0.2085889570552147,0.7555555555555555,0.32692307692307687,0.5333333333333333,34,126,129,11
93,depth.mode,raw,1.0,1.0,1.0,1.0,45,255,0,0
93,depth.RT,raw,0.9047619047619048,0.8444444444444444,0.8735632183908046,0.9633333333333334,38,251,4,7
93,depth.RP,raw,0.6181818181818182,0.7555555555555555,0.6799999999999999,0.8933333333333333,34,234,21,11
93,depth.RPD,raw,1.0,0.9111111111111111,0.9534883720930233,0.9866666666666667,41,255,0,4
93,WICMAD,raw,1.0,1.0,1.0,1.0,45,255,0,0
93,WICMAD,deriv,0.6666666666666666,0.044444444444444446,0.08333333333333334,0.8533333333333334,2,254,1,43
94,depth.FM,raw,0.17543859649122806,0.8888888888888888,0.293040293040293,0.3566666666666667,40,67,188,5
94,depth.mode,raw,1.0,1.0,1.0,1.0,45,255,0,0
94,depth.RT,raw,0.7058823529411765,0.8,0.7500000000000001,0.92,36,240,15,9
94,depth.RP,raw,0.40425531914893614,0.8444444444444444,0.5467625899280576,0.79,38,199,56,7
94,depth.RPD,raw,0.9743589743589743,0.8444444444444444,0.9047619047619048,0.9733333333333334,38,254,1,7
94,WICMAD,raw,1.0,1.0,1.0,1.0,45,255,0,0
94,WICMAD,deriv,1.0,1.0,1.0,1.0,45,255,0,0
95,depth.FM,raw,0.21637426900584794,0.8222222222222222,0.3425925925925926,0.5266666666666666,37,121,134,8
95,depth.mode,raw,0.9565217391304348,0.9777777777777777,0.967032967032967,0.99,44,253,2,1
95,depth.RT,raw,0.7916666666666666,0.8444444444444444,0.8172043010752689,0.9433333333333334,38,245,10,7
95,depth.RP,raw,0.36893203883495146,0.8444444444444444,0.5135135135135135,0.76,38,190,65,7
95,depth.RPD,raw,0.975609756097561,0.8888888888888888,0.9302325581395349,0.98,40,254,1,5
95,WICMAD,raw,1.0,1.0,1.0,1.0,45,255,0,0
95,WICMAD,deriv,0.9782608695652174,1.0,0.989010989010989,0.9966666666666667,45,254,1,0
96,depth.FM,raw,0.21641791044776118,0.6444444444444445,0.32402234636871513,0.5966666666666667,29,150,105,16
96,depth.mode,raw,1.0,0.9777777777777777,0.9887640449438202,0.9966666666666667,44,255,0,1
96,depth.RT,raw,0.8444444444444444,0.8444444444444444,0.8444444444444444,0.9533333333333334,38,248,7,7
96,depth.RP,raw,0.3627450980392157,0.8222222222222222,0.5034013605442177,0.7566666666666667,37,190,65,8
96,depth.RPD,raw,0.926829268292683,0.8444444444444444,0.8837209302325582,0.9666666666666667,38,252,3,7
96,WICMAD,raw,0.5421686746987951,1.0,0.7031249999999999,0.8733333333333333,45,217,38,0
96,WICMAD,deriv,1.0,0.9777777777777777,0.9887640449438202,0.9966666666666667,44,255,0,1
97,depth.FM,raw,0.19424460431654678,0.6,0.29347826086956524,0.5666666666666667,27,143,112,18
97,depth.mode,raw,0.9767441860465116,0.9333333333333333,0.9545454545454545,0.9866666666666667,42,254,1,3
97,depth.RT,raw,0.6333333333333333,0.8444444444444444,0.7238095238095237,0.9033333333333333,38,233,22,7
97,depth.RP,raw,0.3684210526315789,0.7777777777777778,0.5,0.7666666666666667,35,195,60,10
97,depth.RPD,raw,0.9772727272727273,0.9555555555555556,0.9662921348314608,0.99,43,254,1,2
97,WICMAD,raw,1.0,1.0,1.0,1.0,45,255,0,0
97,WICMAD,deriv,0.0,0.0,0.0,0.85,0,255,0,45
98,depth.FM,raw,0.25806451612903225,0.5333333333333333,0.34782608695652173,0.7,24,186,69,21
98,depth.mode,raw,1.0,1.0,1.0,1.0,45,255,0,0
98,depth.RT,raw,0.8,0.8,0.8000000000000002,0.94,36,246,9,9
98,depth.RP,raw,0.5441176470588235,0.8222222222222222,0.654867256637168,0.87,37,224,31,8
98,depth.RPD,raw,0.8775510204081632,0.9555555555555556,0.9148936170212767,0.9733333333333334,43,249,6,2
98,WICMAD,raw,1.0,1.0,1.0,1.0,45,255,0,0
98,WICMAD,deriv,1.0,0.022222222222222223,0.04347826086956522,0.8533333333333334,1,255,0,44
99,depth.FM,raw,0.29411764705882354,0.5555555555555556,0.3846153846153846,0.7333333333333333,25,195,60,20
99,depth.mode,raw,0.9782608695652174,1.0,0.989010989010989,0.9966666666666667,45,254,1,0
99,depth.RT,raw,0.84,0.9333333333333333,0.8842105263157894,0.9633333333333334,42,247,8,3
99,depth.RP,raw,0.48,0.8,0.6,0.84,36,216,39,9
99,depth.RPD,raw,1.0,1.0,1.0,1.0,45,255,0,0
99,WICMAD,raw,1.0,1.0,1.0,1.0,45,255,0,0
99,WICMAD,deriv,1.0,1.0,1.0,1.0,45,255,0,0
100,depth.FM,raw,0.17272727272727273,0.8444444444444444,0.28679245283018867,0.37,38,73,182,7
100,depth.mode,raw,0.9782608695652174,1.0,0.989010989010989,0.9966666666666667,45,254,1,0
100,depth.RT,raw,0.7142857142857143,0.8888888888888888,0.792079207920792,0.93,40,239,16,5
100,depth.RP,raw,0.3883495145631068,0.8888888888888888,0.5405405405405405,0.7733333333333333,40,192,63,5
100,depth.RPD,raw,0.8936170212765957,0.9333333333333333,0.9130434782608695,0.9733333333333334,42,250,5,3
100,WICMAD,raw,1.0,1.0,1.0,1.0,45,255,0,0
100,WICMAD,deriv,0.0,0.0,0.0,0.85,0,255,0,45
